,,,,,05-2987-001,,,
,,,,,,,,
Debt Schedule-Master'!A1,,,,,,,  60.00 ,
'Rolling Debt Schedule'!A1,,,,,,,"($10,509.85)",
Loan #:,,,,,,,,
Billing ID:,,,,66,,6.59%,,
,,,,Payment,Princ,Int,"  535,989.00 ",Beg Bal
,,,,"$9,703.53 ",,,"  535,989.00 ",
,10/20/2023,,,,,,"  535,989.00 ",
,11/20/2023,,1,"  9,703.53 ","  6,661.94 ","  3,041.59 ","  529,327.06 ", ML 
,12/20/2023,,2,"  9,703.53 ","  6,836.46 ","  2,867.07 ","  522,490.60 ",
,1/20/2024,,3,"  9,703.53 ","  6,779.16 ","  2,924.37 ","  515,711.44 ",
,2/20/2024,,4,"  9,703.53 ","  6,817.10 ","  2,886.43 ","  508,894.34 ",
,3/20/2024,,5,"  9,703.53 ","  7,039.02 ","  2,664.51 ","  501,855.32 ",
,4/20/2024,,6,"  9,703.53 ","  6,894.65 ","  2,808.88 ","  494,960.67 ",
,5/20/2024,,7,"  9,703.53 ","  7,022.61 ","  2,680.92 ","  487,938.06 ",
,6/20/2024,,8,"  9,703.53 ","  6,972.55 ","  2,730.98 ","  480,965.52 ",
,7/20/2024,,9,"  9,703.53 ","  7,098.41 ","  2,605.12 ","  473,867.11 ",
,8/20/2024,,10,"  9,703.53 ","  7,051.30 ","  2,652.23 ","  466,815.80 ",
,9/20/2024,,11,"  9,703.53 ","  7,090.77 ","  2,612.76 ","  459,725.04 ",
,10/20/2024,,12,"  9,703.53 ","  7,213.46 ","  2,490.07 ","  452,511.58 ","  150,837.19 "
,11/20/2024,,13,"  9,703.53 ","  7,170.83 ","  2,532.70 ","  445,340.75 ",
,12/20/2024,,14,"  9,703.53 ","  7,291.37 ","  2,412.16 ","  438,049.38 ",
Jan25,1/20/2025,,15,"  9,703.53 ","  7,251.77 ","  2,451.76 ","  430,797.61 ",
Feb25,2/20/2025,,16,"  9,703.53 ","  7,292.36 ","  2,411.17 ","  423,505.25 ",
Mar25,3/20/2025,,17,"  9,703.53 ","  7,562.57 ","  2,140.96 ","  415,942.68 ",
Apr25,4/20/2025,,18,"  9,703.53 ","  7,375.50 ","  2,328.03 ","  408,567.17 ",
May25,5/20/2025,,19,"  9,703.53 ","  7,490.55 ","  2,212.98 ","  401,076.62 ",
Jun25,6/20/2025,,20,"  9,703.53 ","  7,458.71 ","  2,244.82 ","  393,617.91 ",
Jul25,7/20/2025,,21,"  9,703.53 ","  7,571.52 ","  2,132.01 ","  386,046.39 ",
Aug25,8/20/2025,,22,"  9,703.53 ","  7,542.83 ","  2,160.70 ","  378,503.56 ",
Sep25,9/20/2025,,23,"  9,703.53 ","  7,585.05 ","  2,118.48 ","  370,918.51 ",
Oct25,10/20/2025,,24,"  9,703.53 ","  7,694.47 ","  2,009.06 ","  363,224.03 ",
Nov25,11/20/2025,,25,"  9,703.53 ","  7,670.57 ","  2,032.96 ","  355,553.46 ",
Dec25,12/20/2025,,26,"  9,703.53 ","  7,777.70 ","  1,925.83 ","  347,775.77 ",
Jan26,1/20/2026,,27,"  9,703.53 ","  7,757.03 ","  1,946.50 ","  340,018.73 ",
Feb26,2/20/2026,,28,"  9,703.53 ","  7,800.45 ","  1,903.08 ","  332,218.28 ",
Mar26,3/20/2026,,29,"  9,703.53 ","  8,024.05 ","  1,679.48 ","  324,194.23 ",
Apr26,4/20/2026,,30,"  9,703.53 ","  7,889.02 ","  1,814.51 ","  316,305.21 ",
May26,5/20/2026,,31,"  9,703.53 ","  7,990.28 ","  1,713.25 ","  308,314.93 ",
Jun26,6/20/2026,,32,"  9,703.53 ","  7,977.90 ","  1,725.63 ","  300,337.03 ",
Jul26,7/20/2026,,33,"  9,703.53 ","  8,076.77 ","  1,626.76 ","  292,260.26 ",
Aug26,8/20/2026,,34,"  9,703.53 ","  8,067.75 ","  1,635.78 ","  284,192.51 ",
Sep26,9/20/2026,,35,"  9,703.53 ","  8,112.91 ","  1,590.62 ","  276,079.60 ",
Oct26,10/20/2026,,36,"  9,703.53 ","  8,208.16 ","  1,495.37 ","  267,871.44 ",
Nov26,11/20/2026,,37,"  9,703.53 ","  8,204.26 ","  1,499.27 ","  259,667.18 ",
Dec26,12/20/2026,,38,"  9,703.53 ","  8,297.06 ","  1,406.47 ","  251,370.12 ",
Jan27,1/20/2027,,39,"  9,703.53 ","  8,296.61 ","  1,406.92 ","  243,073.50 ",
Feb27,2/20/2027,,40,"  9,703.53 ","  8,343.05 ","  1,360.48 ","  234,730.45 ",
Mar27,3/20/2027,,41,"  9,703.53 ","  8,516.89 ","  1,186.64 ","  226,213.57 ",
Apr27,4/20/2027,,42,"  9,703.53 ","  8,437.42 ","  1,266.11 ","  217,776.15 ",
May27,5/20/2027,,43,"  9,703.53 ","  8,523.96 ","  1,179.57 ","  209,252.19 ",
Jun27,6/20/2027,,44,"  9,703.53 ","  8,532.35 ","  1,171.18 ","  200,719.84 ",
Jul27,7/20/2027,,45,"  9,703.53 ","  8,616.34 ","  1,087.19 ","  192,103.50 ",
Aug27,8/20/2027,,46,"  9,703.53 ","  8,628.33 ","  1,075.20 ","  183,475.17 ",
Sep27,9/20/2027,,47,"  9,703.53 ","  8,676.62 ","  1,026.91 ","  174,798.55 ",
Oct27,10/20/2027,,48,"  9,703.53 ","  8,756.74 ",  946.79 ,"  166,041.80 ",
Nov27,11/20/2027,,49,"  9,703.53 ","  8,774.20 ",  929.33 ,"  157,267.61 ",
Dec27,12/20/2027,,50,"  9,703.53 ","  8,851.70 ",  851.83 ,"  148,415.91 ",
Jan28,1/20/2028,,51,"  9,703.53 ","  8,872.85 ",  830.68 ,"  139,543.06 ",
Feb28,2/20/2028,,52,"  9,703.53 ","  8,922.51 ",  781.02 ,"  130,620.55 ",
Mar28,3/20/2028,,53,"  9,703.53 ","  9,019.62 ",  683.91 ,"  121,600.94 ",
Apr28,4/20/2028,,54,"  9,703.53 ","  9,022.93 ",  680.60 ,"  112,578.00 ",
May28,5/20/2028,,55,"  9,703.53 ","  9,093.76 ",  609.77 ,"  103,484.25 ",
Jun28,6/20/2028,,56,"  9,703.53 ","  9,124.33 ",  579.20 ,"  94,359.92 ",
Jul28,7/20/2028,,57,"  9,703.53 ","  9,192.44 ",  511.09 ,"  85,167.48 ",
Aug28,8/20/2028,,58,"  9,703.53 ","  9,226.85 ",  476.68 ,"  75,940.63 ",
Sep28,9/20/2028,,59,"  9,703.53 ","  9,278.49 ",  425.04 ,"  66,662.14 ",
Oct28,10/20/2028,,60,"  9,703.53 ","  9,342.46 ",  361.07 ,"  57,319.68 ",
Nov28,11/20/2028,,61,"  9,703.53 ","  9,382.71 ",  320.82 ,"  47,936.97 ",
Dec28,12/20/2028,,62,"  9,703.53 ","  9,443.88 ",  259.65 ,"  38,493.09 ",
Jan29,1/20/2029,,63,"  9,703.53 ","  9,488.08 ",  215.45 ,"  29,005.00 ",
Feb29,2/20/2029,,64,"  9,703.53 ","  9,541.19 ",  162.34 ,"  19,463.81 ",
Mar29,3/20/2029,,65,"  9,703.53 ","  9,605.13 ",  98.40 ,"  9,858.68 ",
Apr29,4/20/2029,,66,"  9,913.86 ","  9,858.68 ",  55.18 ,  -   ,
May29,5/20/2029,,67,  -   ,  -   ,  -   ,  -   ,
Jun29,6/20/2029,,68,  -   ,  -   ,  -   ,  -   ,
Jul29,7/20/2029,,69,  -   ,  -   ,  -   ,  -   ,
Aug29,8/20/2029,,70,  -   ,  -   ,  -   ,  -   ,
Sep29,9/20/2029,,71,  -   ,  -   ,  -   ,  -   ,
Oct29,10/20/2029,,72,  -   ,  -   ,  -   ,  -   ,
Nov29,11/20/2029,,73,  -   ,  -   ,  -   ,  -   ,
Dec29,12/20/2029,,74,  -   ,  -   ,  -   ,  -   ,
Jan30,1/20/2030,,75,  -   ,  -   ,  -   ,  -   ,
Feb30,2/20/2030,,76,  -   ,  -   ,  -   ,  -   ,
Mar30,3/20/2030,,77,  -   ,  -   ,  -   ,  -   ,
Apr30,4/20/2030,,78,  -   ,  -   ,  -   ,  -   ,
May30,5/20/2030,,79,  -   ,  -   ,  -   ,  -   ,
Jun30,6/20/2030,,80,  -   ,  -   ,  -   ,  -   ,
Jul30,7/20/2030,,81,  -   ,  -   ,  -   ,  -   ,
Aug30,8/20/2030,,82,  -   ,  -   ,  -   ,  -   ,
Sep30,9/20/2030,,83,  -   ,  -   ,  -   ,  -   ,
Oct30,10/20/2030,,84,  -   ,  -   ,  -   ,  -   ,
Nov30,11/20/2030,,85,  -   ,  -   ,  -   ,  -   ,