1 Autocar Spotter,,,,,,,,05-2984-004-000-00,,
,,,,,MH2,,,,,160545
Debt Schedule-Master'!A1,,,,,,,  60.00 ,,,148205
'Rolling Debt Schedule'!A1,,,,,,,"($2,499.85)",,,148205
Loan #:,412932-105,,,,,,,,,148205
Billing ID:,,,,60,7/1/2023,4.38%,,,,
,,,,Payment,Princ,Int,"  134,500.00 ",Beg Bal,,
,,,,"$2,499.85 ",,,"  134,500.00 ",,,
,5/26/2022,,,,,,"  134,500.00 ",,,
,6/26/2022,,1,"  2,499.85 ","  1,993.14 ",  506.71 ,"  132,506.86 ",,,
,7/26/2022,,2,"  2,499.85 ","  2,016.75 ",  483.10 ,"  130,490.11 ",,,
,8/26/2022,,3,"  2,499.85 ","  2,008.25 ",  491.60 ,"  128,481.86 ",,,
,9/26/2022,,4,"  2,499.85 ","  2,015.81 ",  484.04 ,"  126,466.05 ",,,
,10/26/2022,,5,"  2,499.85 ","  2,038.78 ",  461.07 ,"  124,427.27 ",,,
,11/26/2022,,6,"  2,499.85 ","  2,031.09 ",  468.76 ,"  122,396.19 ",,,
,12/26/2022,,7,"  2,499.85 ","  2,053.61 ",  446.24 ,"  120,342.57 ",,,
,1/26/2023,,8,"  2,499.85 ","  2,046.48 ",  453.37 ,"  118,296.10 ",,,
,2/26/2023,,9,"  2,499.85 ","  2,054.19 ",  445.66 ,"  116,241.91 ",,,
,3/26/2023,,10,"  2,499.85 ","  2,104.30 ",  395.55 ,"  114,137.61 ",,,
,4/26/2023,,11,"  2,499.85 ","  2,069.85 ",  430.00 ,"  112,067.75 ",,,
,5/26/2023,,12,"  2,499.85 ","  2,091.27 ",  408.58 ,"  109,976.48 ",,,
,6/26/2023,,13,"  2,499.85 ","  2,085.53 ",  414.32 ,"  107,890.95 ",,,
,7/26/2023,,14,"  2,499.85 ","  2,106.50 ",  393.35 ,"  105,784.46 ",,,
,8/26/2023,,15,"  2,499.85 ","  2,101.32 ",  398.53 ,"  103,683.13 ",,,
,9/26/2023,,16,"  2,499.85 ","  2,109.24 ",  390.61 ,"  101,573.90 ",,,
,10/26/2023,,17,"  2,499.85 ","  2,129.53 ",  370.32 ,"  99,444.37 ",,,
,11/26/2023,,18,"  2,499.85 ","  2,125.21 ",  374.64 ,"  97,319.16 ",,,
,12/26/2023,,19,"  2,499.85 ","  2,145.04 ",  354.81 ,"  95,174.12 ",,,
,1/26/2024,,20,"  2,499.85 ","  2,141.29 ",  358.56 ,"  93,032.83 ",,,
,2/26/2024,,21,"  2,499.85 ","  2,149.36 ",  350.49 ,"  90,883.46 ",,,
,3/26/2024,,22,"  2,499.85 ","  2,179.55 ",  320.30 ,"  88,703.91 ",,,
,4/26/2024,,23,"  2,499.85 ","  2,165.67 ",  334.18 ,"  86,538.24 ",,,
,5/26/2024,,24,"  2,499.85 ","  2,184.35 ",  315.50 ,"  84,353.90 ",,,
,6/26/2024,,25,"  2,499.85 ","  2,182.06 ",  317.79 ,"  82,171.84 ",,,
,7/26/2024,,26,"  2,499.85 ","  2,200.27 ",  299.58 ,"  79,971.58 ",,,
,8/26/2024,,27,"  2,499.85 ","  2,198.57 ",  301.28 ,"  77,773.01 ",,,
,9/26/2024,,28,"  2,499.85 ","  2,206.85 ",  293.00 ,"  75,566.16 ",,,
,10/26/2024,,29,  -   ,  -   ,  -   ,"  75,566.16 ","  75,566.16 ",,
,11/26/2024,,30,  -   ,  -   ,  -   ,"  75,566.16 ",,,
,12/26/2024,,31,  -   ,  -   ,  -   ,"  75,566.16 ",,,
Jan25,1/26/2025,,32,"  2,499.85 ","  1,379.48 ","  1,120.37 ","  74,186.68 ",,,
Feb25,2/26/2025,,33,"  10,081.76 ","  9,802.27 ",  279.49 ,"  64,384.41 ",,,
Mar25,3/26/2025,,34,"  2,499.85 ","  2,280.76 ",  219.09 ,"  62,103.64 ",,,
Apr25,4/26/2025,,35,"  2,499.85 ","  2,265.88 ",  233.97 ,"  59,837.76 ",,,
May25,5/26/2025,,36,"  2,499.85 ","  2,281.69 ",  218.16 ,"  57,556.07 ",,,
Jun25,6/26/2025,,37,"  2,499.85 ","  2,283.02 ",  216.83 ,"  55,273.05 ",,,
Jul25,7/26/2025,,38,"  2,499.85 ","  2,298.33 ",  201.52 ,"  52,974.72 ",,,
Aug25,8/26/2025,,39,"  2,499.85 ","  2,300.28 ",  199.57 ,"  50,674.44 ",,,
Sep25,9/26/2025,,40,"  2,499.85 ","  2,308.94 ",  190.91 ,"  48,365.50 ",,,
Oct25,10/26/2025,,41,"  2,499.85 ","  2,323.52 ",  176.33 ,"  46,041.99 ",,,
Nov25,11/26/2025,,42,"  2,499.85 ","  2,326.39 ",  173.46 ,"  43,715.59 ",,,
Dec25,12/26/2025,,43,"  2,499.85 ","  2,340.47 ",  159.38 ,"  41,375.12 ",,,
Jan26,1/26/2026,,44,"  2,499.85 ","  2,343.97 ",  155.88 ,"  39,031.15 ",,,
Feb26,2/26/2026,,45,"  2,499.85 ","  2,352.81 ",  147.04 ,"  36,678.34 ",,,
Mar26,3/26/2026,,46,"  2,499.85 ","  2,375.04 ",  124.81 ,"  34,303.30 ",,,
Apr26,4/26/2026,,47,"  2,499.85 ","  2,370.62 ",  129.23 ,"  31,932.68 ",,,
May26,5/26/2026,,48,"  2,499.85 ","  2,383.43 ",  116.42 ,"  29,549.25 ",,,
Jun26,6/26/2026,,49,"  2,499.85 ","  2,388.53 ",  111.32 ,"  27,160.73 ",,,
Jul26,7/26/2026,,50,"  2,499.85 ","  2,400.83 ",  99.02 ,"  24,759.90 ",,,
Aug26,8/26/2026,,51,"  2,499.85 ","  2,406.57 ",  93.28 ,"  22,353.33 ",,,
Sep26,9/26/2026,,52,"  2,499.85 ","  2,415.64 ",  84.21 ,"  19,937.69 ",,,
Oct26,10/26/2026,,53,"  2,499.85 ","  2,427.16 ",  72.69 ,"  17,510.53 ",,,
Nov26,11/26/2026,,54,"  2,499.85 ","  2,433.88 ",  65.97 ,"  15,076.65 ",,,
Dec26,12/26/2026,,55,"  2,499.85 ","  2,444.88 ",  54.97 ,"  12,631.77 ",,,
Jan27,1/26/2027,,56,"  2,499.85 ","  2,452.26 ",  47.59 ,"  10,179.51 ",,,
Feb27,2/26/2027,,57,"  2,499.85 ","  2,461.50 ",  38.35 ,"  7,718.01 ",,,
Mar27,3/26/2027,,58,"  2,499.85 ","  2,473.59 ",  26.26 ,"  5,244.42 ",,,
Apr27,4/26/2027,,59,"  2,499.85 ","  2,480.09 ",  19.76 ,"  2,764.33 ",,,
May27,5/26/2027,,60,"  2,774.40 ","  2,764.33 ",  10.08 ,  -   ,,,
Jun27,6/26/2027,,61,  -   ,  -   ,  -   ,  -   ,,,
Jul27,7/26/2027,,62,  -   ,  -   ,  -   ,  -   ,,,
Aug27,8/26/2027,,63,  -   ,  -   ,  -   ,  -   ,,,
Sep27,9/26/2027,,64,  -   ,  -   ,  -   ,  -   ,,,
Oct27,10/26/2027,,65,  -   ,  -   ,  -   ,  -   ,,,
Nov27,11/26/2027,,66,  -   ,  -   ,  -   ,  -   ,,,
Dec27,12/26/2027,,67,  -   ,  -   ,  -   ,  -   ,,,
Jan28,1/26/2028,,68,  -   ,  -   ,  -   ,  -   ,,,
Feb28,2/26/2028,,69,  -   ,  -   ,  -   ,  -   ,,,
Mar28,3/26/2028,,70,  -   ,  -   ,  -   ,  -   ,,,
Apr28,4/26/2028,,71,  -   ,  -   ,  -   ,  -   ,,,
May28,5/26/2028,,72,  -   ,  -   ,  -   ,  -   ,,,
Jun28,6/26/2028,,73,  -   ,  -   ,  -   ,  -   ,,,
Jul28,7/26/2028,,74,  -   ,  -   ,  -   ,  -   ,,,
Aug28,8/26/2028,,75,  -   ,  -   ,  -   ,  -   ,,,
Sep28,9/26/2028,,76,  -   ,  -   ,  -   ,  -   ,,,
Oct28,10/26/2028,,77,  -   ,  -   ,  -   ,  -   ,,,
Nov28,11/26/2028,,78,  -   ,  -   ,  -   ,  -   ,,,
Dec28,12/26/2028,,79,  -   ,  -   ,  -   ,  -   ,,,
Jan29,1/26/2029,,80,  -   ,  -   ,  -   ,  -   ,,,
Feb29,2/26/2029,,81,  -   ,  -   ,  -   ,  -   ,,,
Mar29,3/26/2029,,82,  -   ,  -   ,  -   ,  -   ,,,
Apr29,4/26/2029,,83,  -   ,  -   ,  -   ,  -   ,,,
May29,5/26/2029,,84,  -   ,  -   ,  -   ,  -   ,,,
Jun29,6/26/2029,,85,  -   ,  -   ,  -   ,  -   ,,,